dataset_id,dataset_root,episode_index,parquet_path,expected_frames,rows,global_index_min,global_index_max,max_abs_joint_delta,max_abs_joint_delta_frame,max_abs_joint_delta_joint,max_action_jump,max_action_jump_frame,max_action_jump_joint,max_state_jump,max_state_jump_frame,max_state_jump_joint,max_ts_gap_ms,max_ts_gap_frame,ts_gaps_over_warning,state_left_gripper_min,state_left_gripper_max,state_right_gripper_min,state_right_gripper_max,action_left_gripper_min,action_left_gripper_max,action_right_gripper_min,action_right_gripper_max,video_frames,duplicate_frame_candidates,exclude_reasons,review_reasons,status
record_dataset_new3,/root/autodl-tmp/data_new/rollout_data/record_dataset_new3,0,data/episode_000000.parquet,1386,1386,0,1385,0.22666651010513306,88,12,0.20900142192840576,299,13,0.19011765718460083,561,13,108.864,1,1,0.0,120.0,0.0,120.0,-0.002308847848325968,0.006274229381233454,0.0,1.0041735172271729,"{""observation.images.hand_left"": 1386, ""observation.images.hand_right"": 1386, ""observation.images.top_head"": 1386}",{},,source_timestamp_gap=108.864ms@1;max_action_jump=0.209001;max_state_jump=0.190118,review
record_dataset_new3,/root/autodl-tmp/data_new/rollout_data/record_dataset_new3,1,data/episode_000001.parquet,1390,1390,1386,2775,0.22570675611495972,687,13,0.2043386697769165,694,13,0.2346327304840088,699,13,102.192896,1,1,0.0,120.0,0.0,120.0,-0.0017570870695635676,0.0018111112294718623,0.0,1.0029802322387695,"{""observation.images.hand_left"": 1390, ""observation.images.hand_right"": 1390, ""observation.images.top_head"": 1390}",{},,source_timestamp_gap=102.193ms@1;max_action_jump=0.204339;max_state_jump=0.234633,review
record_dataset_new3,/root/autodl-tmp/data_new/rollout_data/record_dataset_new3,2,data/episode_000002.parquet,1394,1394,2776,4169,0.20849978923797607,507,11,0.19044643640518188,961,8,0.2562532424926758,591,13,104.81024,1,1,0.0,120.0,0.0,120.0,-0.003284576814621687,0.0018111112294718623,-0.000805855612270534,1.0066726207733154,"{""observation.images.hand_left"": 1394, ""observation.images.hand_right"": 1394, ""observation.images.top_head"": 1394}",{},max_state_jump=0.256253,source_timestamp_gap=104.810ms@1;max_action_jump=0.190446,exclude
record_dataset_new3,/root/autodl-tmp/data_new/rollout_data/record_dataset_new3,3,data/episode_000003.parquet,1393,1393,4170,5562,0.22952818870544434,717,13,0.19974815845489502,1060,12,0.24855780601501465,675,13,94.784768,1,1,0.0,120.0,0.0,120.0,-0.0016607062425464392,0.0018111112294718623,0.0,1.0024714469909668,"{""observation.images.hand_left"": 1393, ""observation.images.hand_right"": 1393, ""observation.images.top_head"": 1393}",{},,source_timestamp_gap=94.785ms@1;max_action_jump=0.199748;max_state_jump=0.248558,review
record_dataset_new3,/root/autodl-tmp/data_new/rollout_data/record_dataset_new3,4,data/episode_000004.parquet,1386,1386,5563,6948,0.2439594268798828,657,13,0.18418776988983154,621,11,0.23820984363555908,668,13,102.105856,1,1,0.0,120.0,0.0,120.0,-0.001841844990849495,0.00346070877276361,0.0,1.0035853385925293,"{""observation.images.hand_left"": 1386, ""observation.images.hand_right"": 1386, ""observation.images.top_head"": 1386}",{},,source_timestamp_gap=102.106ms@1;max_action_jump=0.184188;max_state_jump=0.238210,review
record_dataset_new3,/root/autodl-tmp/data_new/rollout_data/record_dataset_new3,5,data/episode_000005.parquet,1386,1386,6949,8334,0.22666651010513306,725,11,0.18973290920257568,718,11,0.24712693691253662,726,13,101.6384,1,1,0.0,120.0,0.0,120.0,-8.380421786569059e-05,0.0018111112294718623,0.0,1.002556562423706,"{""observation.images.hand_left"": 1386, ""observation.images.hand_right"": 1386, ""observation.images.top_head"": 1386}",{},,source_timestamp_gap=101.638ms@1;max_action_jump=0.189733;max_state_jump=0.247127,review
record_dataset_new3,/root/autodl-tmp/data_new/rollout_data/record_dataset_new3,6,data/episode_000006.parquet,1391,1391,8335,9725,0.25257980823516846,715,13,0.20094537734985352,1127,12,0.24423015117645264,727,13,87.831808,1,1,0.0,120.0,0.0,120.0,-7.903583900770172e-05,0.0018111112294718623,0.0,1.0027365684509277,"{""observation.images.hand_left"": 1391, ""observation.images.hand_right"": 1391, ""observation.images.top_head"": 1391}",{},,source_timestamp_gap=87.832ms@1;max_joint_delta=0.252580;max_action_jump=0.200945;max_state_jump=0.244230,review
record_dataset_new3,/root/autodl-tmp/data_new/rollout_data/record_dataset_new3,7,data/episode_000007.parquet,1391,1391,9726,11116,0.22666645050048828,48,12,0.21782201528549194,640,13,0.2200620174407959,690,13,97.391616,1,1,0.0,120.0,0.0,120.0,-0.0007625229773111641,0.0018111112294718623,0.0,1.0055632591247559,"{""observation.images.hand_left"": 1391, ""observation.images.hand_right"": 1391, ""observation.images.top_head"": 1391}",{},,source_timestamp_gap=97.392ms@1;max_action_jump=0.217822;max_state_jump=0.220062,review
record_dataset_new3,/root/autodl-tmp/data_new/rollout_data/record_dataset_new3,8,data/episode_000008.parquet,1389,1389,11117,12505,0.23289012908935547,689,13,0.231223464012146,692,13,0.20884168148040771,643,13,97.69344,1,1,0.0,120.0,0.0,120.0,0.0,0.0018111112294718623,0.0,1.0045216083526611,"{""observation.images.hand_left"": 1389, ""observation.images.hand_right"": 1389, ""observation.images.top_head"": 1389}",{},,source_timestamp_gap=97.693ms@1;max_action_jump=0.231223;max_state_jump=0.208842,review
record_dataset_new3,/root/autodl-tmp/data_new/rollout_data/record_dataset_new3,9,data/episode_000009.parquet,1393,1393,12506,13898,0.22666651010513306,115,12,0.21611779928207397,654,13,0.1763322353363037,665,13,103.319296,1,1,0.0,120.0,0.0,120.0,-0.001570166670717299,0.0018111112294718623,0.0,1.0014698505401611,"{""observation.images.hand_left"": 1393, ""observation.images.hand_right"": 1393, ""observation.images.top_head"": 1393}",{},,source_timestamp_gap=103.319ms@1;max_action_jump=0.216118;max_state_jump=0.176332,review
record_dataset_new3,/root/autodl-tmp/data_new/rollout_data/record_dataset_new3,10,data/episode_000010.parquet,1393,1393,13899,15291,0.2189096212387085,592,11,0.20295143127441406,598,11,0.23028773069381714,606,13,100.510976,1,1,0.0,120.0,0.0,119.82379913330078,-0.0011457216460257769,0.0018111112294718623,0.0,1.0030251741409302,"{""observation.images.hand_left"": 1393, ""observation.images.hand_right"": 1393, ""observation.images.top_head"": 1393}",{},,source_timestamp_gap=100.511ms@1;max_action_jump=0.202951;max_state_jump=0.230288,review
record_dataset_new3,/root/autodl-tmp/data_new/rollout_data/record_dataset_new3,11,data/episode_000011.parquet,1390,1390,15292,16681,0.22666651010513306,661,13,0.184462308883667,81,12,0.23824483156204224,662,13,97.851392,1,1,0.0,120.0,0.0,120.0,-0.002034308621659875,0.0018111112294718623,0.0,1.0016309022903442,"{""observation.images.hand_left"": 1390, ""observation.images.hand_right"": 1390, ""observation.images.top_head"": 1390}",{},,source_timestamp_gap=97.851ms@1;max_action_jump=0.184462;max_state_jump=0.238245,review
record_dataset_new3,/root/autodl-tmp/data_new/rollout_data/record_dataset_new3,12,data/episode_000012.parquet,1390,1390,16682,18071,0.2538883686065674,675,13,0.21088242530822754,639,11,0.2697770595550537,688,13,96.356864,1,1,0.0,120.0,0.0,120.0,-0.005124097224324942,0.005892700050026178,-0.009297141805291176,1.0,"{""observation.images.hand_left"": 1390, ""observation.images.hand_right"": 1390, ""observation.images.top_head"": 1390}",{},max_state_jump=0.269777,source_timestamp_gap=96.357ms@1;max_joint_delta=0.253888;max_action_jump=0.210882,exclude
record_dataset_new3,/root/autodl-tmp/data_new/rollout_data/record_dataset_new3,13,data/episode_000013.parquet,1389,1389,18072,19460,0.23467600345611572,75,12,0.19701004028320312,81,12,0.20018649101257324,88,12,96.164096,1,1,0.0,120.0,0.0,120.0,-0.0020914694759994745,0.0018111112294718623,0.0,1.0036818981170654,"{""observation.images.hand_left"": 1389, ""observation.images.hand_right"": 1389, ""observation.images.top_head"": 1389}",{},,source_timestamp_gap=96.164ms@1;max_action_jump=0.197010;max_state_jump=0.200186,review
record_dataset_new3,/root/autodl-tmp/data_new/rollout_data/record_dataset_new3,14,data/episode_000014.parquet,1395,1395,19461,20855,0.22666659951210022,1266,12,0.21206945180892944,1272,12,0.23862874507904053,678,13,100.435712,1,1,0.0,120.0,0.0,120.0,-0.00019693395006470382,0.0018111112294718623,0.0,1.0034830570220947,"{""observation.images.hand_left"": 1395, ""observation.images.hand_right"": 1395, ""observation.images.top_head"": 1395}",{},,source_timestamp_gap=100.436ms@1;max_action_jump=0.212069;max_state_jump=0.238629,review
record_dataset_new3,/root/autodl-tmp/data_new/rollout_data/record_dataset_new3,15,data/episode_000015.parquet,1383,1383,20856,22238,0.21842530369758606,1324,12,0.19970959424972534,1331,12,0.23112517595291138,544,13,103.186176,1,1,0.0,120.0,0.0,120.0,0.0,0.0018111112294718623,0.0,1.0012397766113281,"{""observation.images.hand_left"": 1383, ""observation.images.hand_right"": 1383, ""observation.images.top_head"": 1383}",{},,source_timestamp_gap=103.186ms@1;max_action_jump=0.199710;max_state_jump=0.231125,review
record_dataset_new3,/root/autodl-tmp/data_new/rollout_data/record_dataset_new3,16,data/episode_000016.parquet,1391,1391,22239,23629,0.24041712284088135,74,12,0.2065199613571167,80,12,0.2195209264755249,548,13,104.482304,1,1,0.0,120.0,0.0,120.0,-0.003040972398594022,0.0019599217921495438,-0.005900627467781305,1.0029118061065674,"{""observation.images.hand_left"": 1391, ""observation.images.hand_right"": 1391, ""observation.images.top_head"": 1391}",{},,source_timestamp_gap=104.482ms@1;max_action_jump=0.206520;max_state_jump=0.219521,review
record_dataset_new3,/root/autodl-tmp/data_new/rollout_data/record_dataset_new3,17,data/episode_000017.parquet,1390,1390,23630,25019,0.22666645050048828,646,13,0.15671110153198242,94,8,0.2161182165145874,647,13,107.834112,1,2,0.0,120.0,0.0,120.0,0.0,0.002887430600821972,0.0,1.0023391246795654,"{""observation.images.hand_left"": 1390, ""observation.images.hand_right"": 1390, ""observation.images.top_head"": 1390}",{},,source_timestamp_gap=107.834ms@1;max_action_jump=0.156711;max_state_jump=0.216118,review
record_dataset_new3,/root/autodl-tmp/data_new/rollout_data/record_dataset_new3,18,data/episode_000018.parquet,1393,1393,25020,26412,0.21253180503845215,774,13,0.17659330368041992,724,11,0.21255844831466675,730,13,106.479872,1,1,0.0,120.0,0.0,120.0,-0.0018410701304674149,0.0018111112294718623,0.0,1.0013716220855713,"{""observation.images.hand_left"": 1393, ""observation.images.hand_right"": 1393, ""observation.images.top_head"": 1393}",{},,source_timestamp_gap=106.480ms@1;max_action_jump=0.176593;max_state_jump=0.212558,review
record_dataset_new3,/root/autodl-tmp/data_new/rollout_data/record_dataset_new3,19,data/episode_000019.parquet,1395,1395,26413,27807,0.2149040699005127,101,8,0.17758262157440186,710,13,0.24557387828826904,633,13,105.72288,1,1,0.0,120.0,0.0,120.0,0.0,0.0037573017179965973,0.0,1.002974271774292,"{""observation.images.hand_left"": 1395, ""observation.images.hand_right"": 1395, ""observation.images.top_head"": 1395}",{},,source_timestamp_gap=105.723ms@1;max_action_jump=0.177583;max_state_jump=0.245574,review
record_dataset_new3,/root/autodl-tmp/data_new/rollout_data/record_dataset_new3,20,data/episode_000020.parquet,1390,1390,27808,29197,0.2340269684791565,673,13,0.23236030340194702,679,13,0.20105886459350586,690,13,105.424896,1,1,0.0,120.0,0.0,120.0,-0.002437653485685587,0.0018111112294718623,0.0,1.0027196407318115,"{""observation.images.hand_left"": 1390, ""observation.images.hand_right"": 1390, ""observation.images.top_head"": 1390}",{},,source_timestamp_gap=105.425ms@1;max_action_jump=0.232360;max_state_jump=0.201059,review
record_dataset_new3,/root/autodl-tmp/data_new/rollout_data/record_dataset_new3,21,data/episode_000021.parquet,1392,1392,29198,30589,0.21607422828674316,620,13,0.17402702569961548,556,13,0.1746220588684082,621,13,97.154048,1,1,0.0,120.0,0.0,120.0,-0.0027260808274149895,0.0018111112294718623,0.0,1.0003827810287476,"{""observation.images.hand_left"": 1392, ""observation.images.hand_right"": 1392, ""observation.images.top_head"": 1392}",{},,source_timestamp_gap=97.154ms@1;max_action_jump=0.174027;max_state_jump=0.174622,review
record_dataset_new3,/root/autodl-tmp/data_new/rollout_data/record_dataset_new3,22,data/episode_000022.parquet,1389,1389,30590,31978,0.22666645050048828,75,12,0.21449339389801025,527,11,0.19624263048171997,536,13,97.853696,1,1,0.0,120.0,0.0,120.0,-0.0008324392838403583,0.0018111112294718623,0.0,1.006744384765625,"{""observation.images.hand_left"": 1389, ""observation.images.hand_right"": 1389, ""observation.images.top_head"": 1389}",{},,source_timestamp_gap=97.854ms@1;max_action_jump=0.214493;max_state_jump=0.196243,review
record_dataset_new3,/root/autodl-tmp/data_new/rollout_data/record_dataset_new3,23,data/episode_000023.parquet,1393,1393,31979,33371,0.2393350601196289,704,13,0.1514357328414917,668,11,0.21074366569519043,716,13,84.142848,1,1,0.0,120.0,0.0,120.0,-0.00202971906401217,0.0018111112294718623,0.0,1.002680778503418,"{""observation.images.hand_left"": 1393, ""observation.images.hand_right"": 1393, ""observation.images.top_head"": 1393}",{},,source_timestamp_gap=84.143ms@1;max_action_jump=0.151436;max_state_jump=0.210744,review
record_dataset_new3,/root/autodl-tmp/data_new/rollout_data/record_dataset_new3,24,data/episode_000024.parquet,1382,1382,33372,34753,0.22705042362213135,863,12,0.21524494886398315,870,12,0.21409404277801514,554,13,102.2464,1,1,0.0,120.0,0.0,120.0,-0.002989593194797635,0.0018111112294718623,0.0,1.0030810832977295,"{""observation.images.hand_left"": 1382, ""observation.images.hand_right"": 1382, ""observation.images.top_head"": 1382}",{},,source_timestamp_gap=102.246ms@1;max_action_jump=0.215245;max_state_jump=0.214094,review
record_dataset_new3,/root/autodl-tmp/data_new/rollout_data/record_dataset_new3,25,data/episode_000025.parquet,1395,1395,34754,36148,0.20776748657226562,648,13,0.17226767539978027,584,11,0.20646846294403076,661,13,73.311488,2,1,0.0,120.0,0.0,120.0,0.0,0.0018111112294718623,0.0,1.0006459951400757,"{""observation.images.hand_left"": 1395, ""observation.images.hand_right"": 1395, ""observation.images.top_head"": 1395}",{},,source_timestamp_gap=73.311ms@2;max_action_jump=0.172268;max_state_jump=0.206468,review
record_dataset_new3,/root/autodl-tmp/data_new/rollout_data/record_dataset_new3,26,data/episode_000026.parquet,1391,1391,36149,37539,0.22666645050048828,507,13,0.16961276531219482,472,11,0.22416263818740845,481,13,98.642432,1,1,0.0,120.0,0.0,120.0,-0.0018230099231004715,0.0018111112294718623,0.0,1.0024755001068115,"{""observation.images.hand_left"": 1391, ""observation.images.hand_right"": 1391, ""observation.images.top_head"": 1391}",{},,source_timestamp_gap=98.642ms@1;max_action_jump=0.169613;max_state_jump=0.224163,review
record_dataset_new3,/root/autodl-tmp/data_new/rollout_data/record_dataset_new3,27,data/episode_000027.parquet,1391,1391,37540,38930,0.26523804664611816,580,13,0.26547765731811523,584,13,0.23095083236694336,955,12,103.23328,1,1,0.0,120.0,0.0,119.64749908447266,-7.033354904706357e-06,0.0018111112294718623,0.0,1.0078465938568115,"{""observation.images.hand_left"": 1391, ""observation.images.hand_right"": 1391, ""observation.images.top_head"": 1391}",{},max_action_jump=0.265478,source_timestamp_gap=103.233ms@1;max_joint_delta=0.265238;max_state_jump=0.230951,exclude
record_dataset_new3,/root/autodl-tmp/data_new/rollout_data/record_dataset_new3,28,data/episode_000028.parquet,1389,1389,38931,40319,0.26950621604919434,717,13,0.21322119235992432,723,13,0.2696026563644409,729,13,66.994432,2,1,0.0,120.0,0.0,120.0,-0.0018922109156847,0.0018111112294718623,0.0,1.0102860927581787,"{""observation.images.hand_left"": 1389, ""observation.images.hand_right"": 1389, ""observation.images.top_head"": 1389}",{},max_state_jump=0.269603,source_timestamp_gap=66.994ms@2;max_joint_delta=0.269506;max_action_jump=0.213221,exclude
record_dataset_new3,/root/autodl-tmp/data_new/rollout_data/record_dataset_new3,29,data/episode_000029.parquet,1398,1398,40320,41717,0.24547481536865234,665,13,0.20383983850479126,671,13,0.25632303953170776,680,13,107.838208,1,1,0.0,120.0,0.0,120.0,-0.004000131506472826,0.0018111112294718623,-0.006647593341767788,1.0041037797927856,"{""observation.images.hand_left"": 1398, ""observation.images.hand_right"": 1398, ""observation.images.top_head"": 1398}",{},max_state_jump=0.256323,source_timestamp_gap=107.838ms@1;max_action_jump=0.203840,exclude
record_dataset_new3,/root/autodl-tmp/data_new/rollout_data/record_dataset_new3,30,data/episode_000030.parquet,1392,1392,41718,43109,0.3077382445335388,1011,12,0.30607157945632935,1017,12,0.1830505132675171,643,13,103.185408,1,1,0.0,120.0,0.0,120.0,0.0,0.001872749999165535,0.0,1.002932071685791,"{""observation.images.hand_left"": 1392, ""observation.images.hand_right"": 1392, ""observation.images.top_head"": 1392}",{},max_action_jump=0.306072,source_timestamp_gap=103.185ms@1;max_joint_delta=0.307738;max_state_jump=0.183051,exclude
record_dataset_new3,/root/autodl-tmp/data_new/rollout_data/record_dataset_new3,31,data/episode_000031.parquet,1388,1388,43110,44497,0.11831635236740112,660,12,0.07125556468963623,499,13,0.054810404777526855,465,13,99.338752,1,1,0.0,120.0,0.0,120.0,-0.0016371028032153845,0.0018111112294718623,0.0,1.001056432723999,"{""observation.images.hand_left"": 1388, ""observation.images.hand_right"": 1388, ""observation.images.top_head"": 1388}",{},,source_timestamp_gap=99.339ms@1,review
record_dataset_new3,/root/autodl-tmp/data_new/rollout_data/record_dataset_new3,32,data/episode_000032.parquet,1390,1390,44498,45887,0.22666651010513306,885,12,0.15616965293884277,570,11,0.20166969299316406,620,13,96.620544,1,1,0.2173333317041397,120.0,0.0,120.0,-0.0023274444974958897,0.0018111112294718623,-0.0008438237709924579,1.0105879306793213,"{""observation.images.hand_left"": 1390, ""observation.images.hand_right"": 1390, ""observation.images.top_head"": 1390}",{},,source_timestamp_gap=96.621ms@1;max_action_jump=0.156170;max_state_jump=0.201670,review
record_dataset_new3,/root/autodl-tmp/data_new/rollout_data/record_dataset_new3,33,data/episode_000033.parquet,1388,1388,45888,47275,0.22814971208572388,531,13,0.1999761462211609,538,13,0.2713475823402405,545,13,100.075008,1,1,0.0,120.0,0.0,120.0,-0.0039043466094881296,0.0018111112294718623,0.0,1.0067667961120605,"{""observation.images.hand_left"": 1388, ""observation.images.hand_right"": 1388, ""observation.images.top_head"": 1388}",{},max_state_jump=0.271348,source_timestamp_gap=100.075ms@1;max_action_jump=0.199976,exclude
record_dataset_new3,/root/autodl-tmp/data_new/rollout_data/record_dataset_new3,34,data/episode_000034.parquet,1393,1393,47276,48668,0.24445879459381104,1156,12,0.23945879936218262,1158,12,0.20006424188613892,533,13,95.26016,1,1,0.0,120.0,0.0,120.0,-0.0014045252464711666,0.0032379659824073315,-0.0032756361179053783,1.0033389329910278,"{""observation.images.hand_left"": 1393, ""observation.images.hand_right"": 1393, ""observation.images.top_head"": 1393}",{},,source_timestamp_gap=95.260ms@1;max_action_jump=0.239459;max_state_jump=0.200064,review
record_dataset_new3,/root/autodl-tmp/data_new/rollout_data/record_dataset_new3,35,data/episode_000035.parquet,1399,1399,48669,50067,0.22666651010513306,1072,12,0.20847469568252563,95,12,0.25478750467300415,494,13,70.697472,2,1,0.0,120.0,0.0,120.0,-0.0036131776869297028,0.0018111112294718623,-0.006993539165705442,1.0018317699432373,"{""observation.images.hand_left"": 1399, ""observation.images.hand_right"": 1399, ""observation.images.top_head"": 1399}",{},max_state_jump=0.254788,source_timestamp_gap=70.697ms@2;max_action_jump=0.208475,exclude
record_dataset_new3,/root/autodl-tmp/data_new/rollout_data/record_dataset_new3,36,data/episode_000036.parquet,1384,1384,50068,51451,0.20605695247650146,393,13,0.1474858522415161,177,13,0.21639740467071533,532,13,81.475328,1,1,0.0,120.0,0.0,120.0,-0.005060618277639151,0.0018111112294718623,-0.004700724966824055,1.0039775371551514,"{""observation.images.hand_left"": 1384, ""observation.images.hand_right"": 1384, ""observation.images.top_head"": 1384}",{},,source_timestamp_gap=81.475ms@1;max_action_jump=0.147486;max_state_jump=0.216397,review
record_dataset_new3,/root/autodl-tmp/data_new/rollout_data/record_dataset_new3,37,data/episode_000037.parquet,1390,1390,51452,52841,0.21994143724441528,575,13,0.1927974820137024,582,13,0.2594990134239197,589,13,108.123904,1,1,0.0,120.0,0.0,120.0,-0.00015497223648708314,0.0018111112294718623,0.0,1.0050129890441895,"{""observation.images.hand_left"": 1390, ""observation.images.hand_right"": 1390, ""observation.images.top_head"": 1390}",{},max_state_jump=0.259499,source_timestamp_gap=108.124ms@1;max_action_jump=0.192797,exclude
record_dataset_new3,/root/autodl-tmp/data_new/rollout_data/record_dataset_new3,38,data/episode_000038.parquet,1391,1391,52842,54232,0.24252843856811523,661,13,0.17214375734329224,625,13,0.24902880191802979,674,13,78.514688,1,1,0.0,120.0,0.0,120.0,-0.0027616648003458977,0.0018111112294718623,0.0,1.006704568862915,"{""observation.images.hand_left"": 1391, ""observation.images.hand_right"": 1391, ""observation.images.top_head"": 1391}",{},,source_timestamp_gap=78.515ms@1;max_action_jump=0.172144;max_state_jump=0.249029,review
record_dataset_new3,/root/autodl-tmp/data_new/rollout_data/record_dataset_new3,39,data/episode_000039.parquet,1395,1395,54233,55627,0.22821950912475586,761,13,0.22246113419532776,1384,12,0.2332019805908203,774,13,106.652672,1,1,0.0,120.0,0.0,120.0,-0.004355077166110277,0.0018111112294718623,-0.0072000096552073956,1.0079259872436523,"{""observation.images.hand_left"": 1395, ""observation.images.hand_right"": 1395, ""observation.images.top_head"": 1395}",{},,source_timestamp_gap=106.653ms@1;max_action_jump=0.222461;max_state_jump=0.233202,review
record_dataset_new3,/root/autodl-tmp/data_new/rollout_data/record_dataset_new3,40,data/episode_000040.parquet,1391,1391,55628,57018,0.23982369899749756,561,13,0.23226886987686157,525,13,0.2542814016342163,573,13,99.093248,1,1,0.0,120.0,0.0,120.0,0.0,0.004717235453426838,0.0,1.000338077545166,"{""observation.images.hand_left"": 1391, ""observation.images.hand_right"": 1391, ""observation.images.top_head"": 1391}",{},max_state_jump=0.254281,source_timestamp_gap=99.093ms@1;max_action_jump=0.232269,exclude
record_dataset_new3,/root/autodl-tmp/data_new/rollout_data/record_dataset_new3,41,data/episode_000041.parquet,1386,1386,57019,58404,0.22666645050048828,409,11,0.18276727199554443,402,11,0.22454655170440674,410,13,105.725696,1,1,0.0,120.0,0.0,120.0,-0.0007292039808817208,0.0018111112294718623,0.0,1.0038020610809326,"{""observation.images.hand_left"": 1386, ""observation.images.hand_right"": 1386, ""observation.images.top_head"": 1386}",{},,source_timestamp_gap=105.726ms@1;max_action_jump=0.182767;max_state_jump=0.224547,review
record_dataset_new3,/root/autodl-tmp/data_new/rollout_data/record_dataset_new3,42,data/episode_000042.parquet,1392,1392,58405,59796,0.21624892950057983,591,13,0.21124893426895142,598,13,0.19208961725234985,608,13,96.711424,1,2,0.0,120.0,0.0,120.0,-0.0011752855498343706,0.0018111112294718623,0.0,1.0077624320983887,"{""observation.images.hand_left"": 1392, ""observation.images.hand_right"": 1392, ""observation.images.top_head"": 1392}",{},,source_timestamp_gap=96.711ms@1;max_action_jump=0.211249;max_state_jump=0.192090,review
record_dataset_new3,/root/autodl-tmp/data_new/rollout_data/record_dataset_new3,43,data/episode_000043.parquet,1398,1398,59797,61194,0.2409978210926056,1113,12,0.23599782586097717,1120,12,0.20700931549072266,663,13,100.671232,1,1,0.0,120.0,0.0,120.0,0.0,0.003986005205661058,0.0,1.0049176216125488,"{""observation.images.hand_left"": 1398, ""observation.images.hand_right"": 1398, ""observation.images.top_head"": 1398}",{},,source_timestamp_gap=100.671ms@1;max_action_jump=0.235998;max_state_jump=0.207009,review
record_dataset_new3,/root/autodl-tmp/data_new/rollout_data/record_dataset_new3,44,data/episode_000044.parquet,1393,1393,61195,62587,0.22870808839797974,74,12,0.1696314811706543,486,13,0.21473973989486694,493,13,73.405952,2,1,0.0,120.0,0.0,120.0,0.0,0.0018111112294718623,0.0,1.006570816040039,"{""observation.images.hand_left"": 1393, ""observation.images.hand_right"": 1393, ""observation.images.top_head"": 1393}",{},,source_timestamp_gap=73.406ms@2;max_action_jump=0.169631;max_state_jump=0.214740,review
record_dataset_new3,/root/autodl-tmp/data_new/rollout_data/record_dataset_new3,45,data/episode_000045.parquet,1389,1389,62588,63976,0.22666651010513306,560,13,0.15923082828521729,552,13,0.24936038255691528,561,13,106.215424,1,1,0.0,120.0,0.0,120.0,-0.0009002694278024137,0.0018111112294718623,0.0,1.003365397453308,"{""observation.images.hand_left"": 1389, ""observation.images.hand_right"": 1389, ""observation.images.top_head"": 1389}",{},,source_timestamp_gap=106.215ms@1;max_action_jump=0.159231;max_state_jump=0.249360,review
record_dataset_new3,/root/autodl-tmp/data_new/rollout_data/record_dataset_new3,46,data/episode_000046.parquet,1391,1391,63977,65367,0.24432587623596191,522,13,0.1650693416595459,486,11,0.2012333869934082,533,13,68.981504,2,1,0.0,120.0,0.0,120.0,-0.0008789309649728239,0.0018111112294718623,-0.00357514969073236,1.001323938369751,"{""observation.images.hand_left"": 1391, ""observation.images.hand_right"": 1391, ""observation.images.top_head"": 1391}",{},,source_timestamp_gap=68.982ms@2;max_action_jump=0.165069;max_state_jump=0.201233,review
record_dataset_new3,/root/autodl-tmp/data_new/rollout_data/record_dataset_new3,47,data/episode_000047.parquet,1394,1394,65368,66761,0.22666645050048828,662,13,0.18348217010498047,641,11,0.21037721633911133,691,13,98.890752,1,1,0.0,120.0,0.0,120.0,-0.00359118334017694,0.0033182534389197826,0.0,1.005010962486267,"{""observation.images.hand_left"": 1394, ""observation.images.hand_right"": 1394, ""observation.images.top_head"": 1394}",{},,source_timestamp_gap=98.891ms@1;max_action_jump=0.183482;max_state_jump=0.210377,review
record_dataset_new3,/root/autodl-tmp/data_new/rollout_data/record_dataset_new3,48,data/episode_000048.parquet,1394,1394,66762,68155,0.25561606884002686,691,13,0.1942685842514038,698,13,0.26213371753692627,704,13,78.868224,1,1,0.0,120.0,0.0,120.0,0.0,0.002177478978410363,0.0,1.0058770179748535,"{""observation.images.hand_left"": 1394, ""observation.images.hand_right"": 1394, ""observation.images.top_head"": 1394}",{},max_state_jump=0.262134,source_timestamp_gap=78.868ms@1;max_joint_delta=0.255616;max_action_jump=0.194269,exclude
record_dataset_new3,/root/autodl-tmp/data_new/rollout_data/record_dataset_new3,49,data/episode_000049.parquet,1396,1396,68156,69551,0.22666645050048828,829,13,0.16664576530456543,794,13,0.24199658632278442,803,13,100.463616,1,1,0.0,120.0,0.0,120.0,0.0,0.0018111112294718623,0.0,1.0043220520019531,"{""observation.images.hand_left"": 1396, ""observation.images.hand_right"": 1396, ""observation.images.top_head"": 1396}",{},,source_timestamp_gap=100.464ms@1;max_action_jump=0.166646;max_state_jump=0.241997,review
record_dataset_new3,/root/autodl-tmp/data_new/rollout_data/record_dataset_new3,50,data/episode_000050.parquet,1394,1394,69552,70945,0.22666645050048828,663,13,0.17603468894958496,642,13,0.21055173873901367,646,13,80.261632,1,1,0.0,120.0,0.0,120.0,-0.005144899245351553,0.0018111112294718623,-0.005746489390730858,1.0005743503570557,"{""observation.images.hand_left"": 1394, ""observation.images.hand_right"": 1394, ""observation.images.top_head"": 1394}",{},,source_timestamp_gap=80.262ms@1;max_action_jump=0.176035;max_state_jump=0.210552,review
record_dataset_new3,/root/autodl-tmp/data_new/rollout_data/record_dataset_new3,51,data/episode_000051.parquet,1391,1391,70946,72336,0.22666651010513306,101,12,0.1606616973876953,510,11,0.22173714637756348,572,13,102.994688,1,1,0.0,120.0,0.0,120.0,-0.0008085378212854266,0.0018163938075304031,0.0,1.0,"{""observation.images.hand_left"": 1391, ""observation.images.hand_right"": 1391, ""observation.images.top_head"": 1391}",{},,source_timestamp_gap=102.995ms@1;max_action_jump=0.160662;max_state_jump=0.221737,review
record_dataset_new3,/root/autodl-tmp/data_new/rollout_data/record_dataset_new3,52,data/episode_000052.parquet,1398,1398,72337,73734,0.2380962371826172,595,13,0.16621094942092896,545,11,0.23070645332336426,552,13,101.755904,1,1,0.0,120.0,0.0,120.0,-0.0029879838693886995,0.0018111112294718623,0.0,1.0023200511932373,"{""observation.images.hand_left"": 1398, ""observation.images.hand_right"": 1398, ""observation.images.top_head"": 1398}",{},,source_timestamp_gap=101.756ms@1;max_action_jump=0.166211;max_state_jump=0.230706,review
record_dataset_new3,/root/autodl-tmp/data_new/rollout_data/record_dataset_new3,53,data/episode_000053.parquet,1390,1390,73735,75124,0.2093026041984558,452,13,0.2043026089668274,458,13,0.22330760955810547,507,13,104.296704,1,1,0.0,120.0,0.0,120.0,-0.0019878169987350702,0.0018111112294718623,0.0,1.0008244514465332,"{""observation.images.hand_left"": 1390, ""observation.images.hand_right"": 1390, ""observation.images.top_head"": 1390}",{},,source_timestamp_gap=104.297ms@1;max_action_jump=0.204303;max_state_jump=0.223308,review
record_dataset_new3,/root/autodl-tmp/data_new/rollout_data/record_dataset_new3,54,data/episode_000054.parquet,1382,1382,75125,76506,0.21904075145721436,558,13,0.17242276668548584,299,13,0.21371018886566162,305,13,104.997632,1,1,0.0,120.0,0.0,120.0,-0.0023565315641462803,0.0018111112294718623,-0.007350631058216095,1.0046693086624146,"{""observation.images.hand_left"": 1382, ""observation.images.hand_right"": 1382, ""observation.images.top_head"": 1382}",{},,source_timestamp_gap=104.998ms@1;max_action_jump=0.172423;max_state_jump=0.213710,review
record_dataset_new3,/root/autodl-tmp/data_new/rollout_data/record_dataset_new3,55,data/episode_000055.parquet,1386,1386,76507,77892,0.24779844284057617,530,13,0.21109706163406372,495,13,0.24991881847381592,542,13,103.532032,1,1,0.0,120.0,0.0,120.0,-0.003062370466068387,0.0022417628206312656,-0.0035131608601659536,1.0048314332962036,"{""observation.images.hand_left"": 1386, ""observation.images.hand_right"": 1386, ""observation.images.top_head"": 1386}",{},,source_timestamp_gap=103.532ms@1;max_action_jump=0.211097;max_state_jump=0.249919,review
record_dataset_new3,/root/autodl-tmp/data_new/rollout_data/record_dataset_new3,56,data/episode_000056.parquet,1390,1390,77893,79282,0.22666645050048828,745,12,0.17199236154556274,486,12,0.24410808086395264,550,13,98.252544,1,1,0.0,120.0,0.0,120.0,-0.0026544358115643263,0.004292909521609545,-0.000838816980831325,1.0044819116592407,"{""observation.images.hand_left"": 1390, ""observation.images.hand_right"": 1390, ""observation.images.top_head"": 1390}",{},,source_timestamp_gap=98.253ms@1;max_action_jump=0.171992;max_state_jump=0.244108,review
record_dataset_new3,/root/autodl-tmp/data_new/rollout_data/record_dataset_new3,57,data/episode_000057.parquet,1390,1390,79283,80672,0.22666651010513306,478,13,0.14772963523864746,401,11,0.22091692686080933,479,13,106.145536,1,1,0.0,120.0,0.0,120.0,0.0,0.005606388673186302,0.0,1.0039870738983154,"{""observation.images.hand_left"": 1390, ""observation.images.hand_right"": 1390, ""observation.images.top_head"": 1390}",{},,source_timestamp_gap=106.146ms@1;max_action_jump=0.147730;max_state_jump=0.220917,review
record_dataset_new3,/root/autodl-tmp/data_new/rollout_data/record_dataset_new3,58,data/episode_000058.parquet,1382,1382,80673,82054,0.25059038400650024,489,13,0.24892371892929077,495,13,0.26684534549713135,544,13,106.877696,1,1,0.0,120.0,0.0,120.0,-0.0006868846248835325,0.0030852288473397493,-0.005786066874861717,1.001377820968628,"{""observation.images.hand_left"": 1382, ""observation.images.hand_right"": 1382, ""observation.images.top_head"": 1382}",{},max_state_jump=0.266845,source_timestamp_gap=106.878ms@1;max_joint_delta=0.250590;max_action_jump=0.248924,exclude
record_dataset_new3,/root/autodl-tmp/data_new/rollout_data/record_dataset_new3,59,data/episode_000059.parquet,1384,1384,82055,83438,0.23636853694915771,491,13,0.1575028896331787,67,12,0.24663829803466797,504,13,103.92448,1,1,0.0,120.0,0.0,120.0,-0.0038760940078645945,0.0018111112294718623,-0.004826073534786701,1.0033056735992432,"{""observation.images.hand_left"": 1384, ""observation.images.hand_right"": 1384, ""observation.images.top_head"": 1384}",{},,source_timestamp_gap=103.924ms@1;max_action_jump=0.157503;max_state_jump=0.246638,review
record_dataset_new3,/root/autodl-tmp/data_new/rollout_data/record_dataset_new3,60,data/episode_000060.parquet,1389,1389,83439,84827,0.22436320781707764,813,12,0.20093601942062378,540,13,0.20175695419311523,550,13,103.967744,1,1,0.0,120.0,0.0,120.0,0.0,0.010435770265758038,0.0,1.0009669065475464,"{""observation.images.hand_left"": 1389, ""observation.images.hand_right"": 1389, ""observation.images.top_head"": 1389}",{},,source_timestamp_gap=103.968ms@1;max_action_jump=0.200936;max_state_jump=0.201757,review
record_dataset_new3,/root/autodl-tmp/data_new/rollout_data/record_dataset_new3,61,data/episode_000061.parquet,1392,1392,84828,86219,0.22666651010513306,102,12,0.1455317735671997,838,8,0.215315580368042,579,13,103.602944,1,1,0.0,120.0,0.0,120.0,-0.0012805474689230323,0.0018111112294718623,-0.003240946214646101,1.0044347047805786,"{""observation.images.hand_left"": 1392, ""observation.images.hand_right"": 1392, ""observation.images.top_head"": 1392}",{},,source_timestamp_gap=103.603ms@1;max_action_jump=0.145532;max_state_jump=0.215316,review
record_dataset_new3,/root/autodl-tmp/data_new/rollout_data/record_dataset_new3,62,data/episode_000062.parquet,1393,1393,86220,87612,0.2226877212524414,607,13,0.1763840913772583,571,13,0.19959306716918945,581,13,97.542656,1,1,0.0,120.0,0.0,120.0,-0.0009795436635613441,0.0018111112294718623,0.0,1.004690408706665,"{""observation.images.hand_left"": 1393, ""observation.images.hand_right"": 1393, ""observation.images.top_head"": 1393}",{},,source_timestamp_gap=97.543ms@1;max_action_jump=0.176384;max_state_jump=0.199593,review
record_dataset_new3,/root/autodl-tmp/data_new/rollout_data/record_dataset_new3,63,data/episode_000063.parquet,1386,1386,87613,88998,0.23291325569152832,504,11,0.2288036346435547,510,11,0.26820653676986694,517,13,101.059328,1,1,0.0,120.0,0.0,120.0,-0.002466263948008418,0.0019728858023881912,-0.0006429559434764087,1.0028650760650635,"{""observation.images.hand_left"": 1386, ""observation.images.hand_right"": 1386, ""observation.images.top_head"": 1386}",{},max_state_jump=0.268207,source_timestamp_gap=101.059ms@1;max_action_jump=0.228804,exclude
record_dataset_new3,/root/autodl-tmp/data_new/rollout_data/record_dataset_new3,64,data/episode_000064.parquet,1387,1387,88999,90385,0.23055779933929443,505,11,0.22173619270324707,512,11,0.2350863814353943,517,13,98.309888,1,1,0.0,120.0,0.0,120.0,-0.002740505151450634,0.0018435437232255936,0.0,1.0043087005615234,"{""observation.images.hand_left"": 1387, ""observation.images.hand_right"": 1387, ""observation.images.top_head"": 1387}",{},,source_timestamp_gap=98.310ms@1;max_action_jump=0.221736;max_state_jump=0.235086,review
record_dataset_new3,/root/autodl-tmp/data_new/rollout_data/record_dataset_new3,65,data/episode_000065.parquet,1392,1392,90386,91777,0.22666645050048828,62,12,0.17089128494262695,527,11,0.2368314266204834,536,13,95.345664,1,1,0.0,120.0,0.0,120.0,-0.0018951911479234695,0.0018111112294718623,0.0,1.0022956132888794,"{""observation.images.hand_left"": 1392, ""observation.images.hand_right"": 1392, ""observation.images.top_head"": 1392}",{},,source_timestamp_gap=95.346ms@1;max_action_jump=0.170891;max_state_jump=0.236831,review
record_dataset_new3,/root/autodl-tmp/data_new/rollout_data/record_dataset_new3,66,data/episode_000066.parquet,1394,1394,91778,93171,0.23451858758926392,144,12,0.18982475996017456,599,13,0.2563404440879822,608,13,97.186048,1,1,0.0,120.0,0.0,120.0,-0.0012433541705831885,0.0018111112294718623,0.0,1.004314661026001,"{""observation.images.hand_left"": 1394, ""observation.images.hand_right"": 1394, ""observation.images.top_head"": 1394}",{},max_state_jump=0.256340,source_timestamp_gap=97.186ms@1;max_action_jump=0.189825,exclude
record_dataset_new3,/root/autodl-tmp/data_new/rollout_data/record_dataset_new3,67,data/episode_000067.parquet,1384,1384,93172,94555,0.23663043975830078,74,12,0.16197025775909424,80,12,0.2068173885345459,517,13,103.258112,1,1,0.0,120.0,0.0,120.0,0.0,0.0018111112294718623,0.0,1.0018291473388672,"{""observation.images.hand_left"": 1384, ""observation.images.hand_right"": 1384, ""observation.images.top_head"": 1384}",{},,source_timestamp_gap=103.258ms@1;max_action_jump=0.161970;max_state_jump=0.206817,review
record_dataset_new3,/root/autodl-tmp/data_new/rollout_data/record_dataset_new3,68,data/episode_000068.parquet,1387,1387,94556,95942,0.20919907093048096,854,12,0.1561504602432251,610,13,0.21629273891448975,561,13,94.87616,1,1,0.0,120.0,0.0,120.0,-0.002680840902030468,0.0018111112294718623,-0.0010879646288231015,1.0025806427001953,"{""observation.images.hand_left"": 1387, ""observation.images.hand_right"": 1387, ""observation.images.top_head"": 1387}",{},,source_timestamp_gap=94.876ms@1;max_action_jump=0.156150;max_state_jump=0.216293,review
record_dataset_new3,/root/autodl-tmp/data_new/rollout_data/record_dataset_new3,69,data/episode_000069.parquet,1386,1386,95943,97328,0.22666651010513306,101,12,0.1356123685836792,40,12,0.16207557916641235,827,8,99.763712,1,1,0.0,120.0,0.0,120.0,-0.0037843026220798492,0.002989980624988675,0.0,1.0116547346115112,"{""observation.images.hand_left"": 1386, ""observation.images.hand_right"": 1386, ""observation.images.top_head"": 1386}",{},,source_timestamp_gap=99.764ms@1;max_action_jump=0.135612;max_state_jump=0.162076,review
record_dataset_new3,/root/autodl-tmp/data_new/rollout_data/record_dataset_new3,70,data/episode_000070.parquet,1386,1386,97329,98714,0.22666651010513306,102,12,0.17654633522033691,861,12,0.22257471084594727,520,13,103.670016,1,1,0.0,120.0,0.0,120.0,0.0,0.0018111112294718623,0.0,1.004535436630249,"{""observation.images.hand_left"": 1386, ""observation.images.hand_right"": 1386, ""observation.images.top_head"": 1386}",{},,source_timestamp_gap=103.670ms@1;max_action_jump=0.176546;max_state_jump=0.222575,review
record_dataset_new3,/root/autodl-tmp/data_new/rollout_data/record_dataset_new3,71,data/episode_000071.parquet,1384,1384,98715,100098,0.21542870998382568,743,8,0.19515293836593628,484,13,0.20029103755950928,534,13,99.730432,1,1,0.0,120.0,0.0,120.0,-0.001961948350071907,0.0018111112294718623,0.0,1.004781723022461,"{""observation.images.hand_left"": 1384, ""observation.images.hand_right"": 1384, ""observation.images.top_head"": 1384}",{},,source_timestamp_gap=99.730ms@1;max_action_jump=0.195153;max_state_jump=0.200291,review
record_dataset_new3,/root/autodl-tmp/data_new/rollout_data/record_dataset_new3,72,data/episode_000072.parquet,1391,1391,100099,101489,0.22666645050048828,423,11,0.19573229551315308,499,13,0.25998759269714355,507,13,102.78912,1,1,0.0,120.0,0.0,120.0,-0.00280702393501997,0.0018111112294718623,0.0,1.00202476978302,"{""observation.images.hand_left"": 1391, ""observation.images.hand_right"": 1391, ""observation.images.top_head"": 1391}",{},max_state_jump=0.259988,source_timestamp_gap=102.789ms@1;max_action_jump=0.195732,exclude
record_dataset_new3,/root/autodl-tmp/data_new/rollout_data/record_dataset_new3,73,data/episode_000073.parquet,1396,1396,101490,102885,0.22666651010513306,551,13,0.19093692302703857,473,11,0.23814016580581665,552,13,99.831808,1,1,0.0,120.0,0.0,120.0,-0.0003430846845731139,0.003751073032617569,0.0,1.0016615390777588,"{""observation.images.hand_left"": 1396, ""observation.images.hand_right"": 1396, ""observation.images.top_head"": 1396}",{},,source_timestamp_gap=99.832ms@1;max_action_jump=0.190937;max_state_jump=0.238140,review
record_dataset_new3,/root/autodl-tmp/data_new/rollout_data/record_dataset_new3,74,data/episode_000074.parquet,1382,1382,102886,104267,0.22666645050048828,517,11,0.22222530841827393,523,11,0.2029958963394165,573,13,102.98752,1,1,0.0,0.4346666634082794,0.0,120.0,-0.0024738337378948927,0.0018111112294718623,-0.0066565340384840965,1.0026482343673706,"{""observation.images.hand_left"": 1382, ""observation.images.hand_right"": 1382, ""observation.images.top_head"": 1382}",{},,source_timestamp_gap=102.988ms@1;max_action_jump=0.222225;max_state_jump=0.202996,review
record_dataset_new3,/root/autodl-tmp/data_new/rollout_data/record_dataset_new3,75,data/episode_000075.parquet,1389,1389,104268,105656,0.21551597118377686,479,11,0.18819963932037354,556,11,0.25609612464904785,564,13,96.782848,1,1,0.0,120.0,0.0,120.0,-0.0052339485846459866,0.0018111112294718623,-0.00029569893376901746,1.0,"{""observation.images.hand_left"": 1389, ""observation.images.hand_right"": 1389, ""observation.images.top_head"": 1389}",{},max_state_jump=0.256096,source_timestamp_gap=96.783ms@1;max_action_jump=0.188200,exclude
record_dataset_new3,/root/autodl-tmp/data_new/rollout_data/record_dataset_new3,76,data/episode_000076.parquet,1387,1387,105657,107043,0.22666656970977783,799,8,0.18917453289031982,68,12,0.1958063840866089,74,12,72.43776,1,1,0.0,120.0,0.0,120.0,-0.002838495187461376,0.0018111112294718623,-0.0002695324656087905,1.0046424865722656,"{""observation.images.hand_left"": 1387, ""observation.images.hand_right"": 1387, ""observation.images.top_head"": 1387}",{},,source_timestamp_gap=72.438ms@1;max_action_jump=0.189175;max_state_jump=0.195806,review
record_dataset_new3,/root/autodl-tmp/data_new/rollout_data/record_dataset_new3,77,data/episode_000077.parquet,1388,1388,107044,108431,0.2630484104156494,587,13,0.22791266441345215,593,13,0.16802597045898438,572,13,105.751296,1,1,0.0,120.0,0.0,120.0,-0.0010824810015037656,0.0018111112294718623,0.0,1.0047903060913086,"{""observation.images.hand_left"": 1388, ""observation.images.hand_right"": 1388, ""observation.images.top_head"": 1388}",{},,source_timestamp_gap=105.751ms@1;max_joint_delta=0.263048;max_action_jump=0.227913;max_state_jump=0.168026,review
record_dataset_new3,/root/autodl-tmp/data_new/rollout_data/record_dataset_new3,78,data/episode_000078.parquet,1387,1387,108432,109818,0.256872296333313,476,13,0.2088233232498169,482,13,0.2666534185409546,488,13,83.748864,1,1,0.0,120.0,0.0,120.0,-0.001909615471959114,0.0018351096659898758,0.0,1.002039909362793,"{""observation.images.hand_left"": 1387, ""observation.images.hand_right"": 1387, ""observation.images.top_head"": 1387}",{},max_state_jump=0.266653,source_timestamp_gap=83.749ms@1;max_joint_delta=0.256872;max_action_jump=0.208823,exclude
record_dataset_new3,/root/autodl-tmp/data_new/rollout_data/record_dataset_new3,79,data/episode_000079.parquet,1380,1380,109819,111198,0.2100890874862671,598,13,0.19968998432159424,563,13,0.20728850364685059,87,12,104.932096,1,1,0.0,120.0,0.0,120.0,-0.00041168968891724944,0.0018111112294718623,0.0,1.003183126449585,"{""observation.images.hand_left"": 1380, ""observation.images.hand_right"": 1380, ""observation.images.top_head"": 1380}",{},,source_timestamp_gap=104.932ms@1;max_action_jump=0.199690;max_state_jump=0.207289,review
record_dataset_new3,/root/autodl-tmp/data_new/rollout_data/record_dataset_new3,80,data/episode_000080.parquet,1386,1386,111199,112584,0.21984100341796875,531,13,0.1834484338760376,538,13,0.22030627727508545,587,13,91.674624,1,1,0.0,120.0,0.0,120.0,-0.003317240159958601,0.0018111112294718623,0.0,1.0,"{""observation.images.hand_left"": 1386, ""observation.images.hand_right"": 1386, ""observation.images.top_head"": 1386}",{},,source_timestamp_gap=91.675ms@1;max_action_jump=0.183448;max_state_jump=0.220306,review
record_dataset_new3,/root/autodl-tmp/data_new/rollout_data/record_dataset_new3,81,data/episode_000081.parquet,318,318,112585,112902,0.22666651010513306,142,12,0.14392662048339844,107,12,0.17725694179534912,115,12,105.220608,1,1,0.0,120.0,119.82379913330078,119.82379913330078,-0.0007100112270563841,0.0018855948001146317,0.9960311055183411,1.0025887489318848,"{""observation.images.hand_left"": 318, ""observation.images.hand_right"": 318, ""observation.images.top_head"": 318}",{},,source_timestamp_gap=105.221ms@1;max_action_jump=0.143927;max_state_jump=0.177257,review
record_dataset_new3,/root/autodl-tmp/data_new/rollout_data/record_dataset_new3,82,data/episode_000082.parquet,1003,1003,112903,113905,0.22666645050048828,561,13,0.18650007247924805,540,13,0.21550750732421875,545,13,97.268992,1,1,0.0,120.0,0.0,119.82379913330078,0.0,0.0019031781703233719,0.0,1.0,"{""observation.images.hand_left"": 1003, ""observation.images.hand_right"": 1003, ""observation.images.top_head"": 1003}",{},,source_timestamp_gap=97.269ms@1;max_action_jump=0.186500;max_state_jump=0.215508,review
record_dataset_new3,/root/autodl-tmp/data_new/rollout_data/record_dataset_new3,83,data/episode_000083.parquet,1076,1076,113906,114981,0.24172592163085938,559,13,0.17694246768951416,66,12,0.24813902378082275,571,13,108.802048,1,1,0.0,120.0,0.0,120.0,-0.000677645904943347,0.0018111112294718623,0.0,1.0010319948196411,"{""observation.images.hand_left"": 1076, ""observation.images.hand_right"": 1076, ""observation.images.top_head"": 1076}",{},,source_timestamp_gap=108.802ms@1;max_action_jump=0.176942;max_state_jump=0.248139,review
record_dataset_new3,/root/autodl-tmp/data_new/rollout_data/record_dataset_new3,84,data/episode_000084.parquet,1123,1123,114982,116104,0.2572213411331177,546,13,0.2098175287246704,67,12,0.2667407989501953,559,13,106.271488,1,1,0.0,120.0,0.0,120.0,-0.005245750304311514,0.0018111112294718623,0.0,1.0028184652328491,"{""observation.images.hand_left"": 1123, ""observation.images.hand_right"": 1123, ""observation.images.top_head"": 1123}",{},max_state_jump=0.266741,source_timestamp_gap=106.271ms@1;max_joint_delta=0.257221;max_action_jump=0.209818,exclude
record_dataset_new3,/root/autodl-tmp/data_new/rollout_data/record_dataset_new3,85,data/episode_000085.parquet,327,327,116105,116431,0.19641554355621338,34,12,0.19141554832458496,40,12,0.1656528115272522,114,12,100.160256,1,1,0.0,120.0,120.0,120.0,-0.003367129247635603,0.001388304983265698,0.9980061650276184,1.0068116188049316,"{""observation.images.hand_left"": 327, ""observation.images.hand_right"": 327, ""observation.images.top_head"": 327}",{},,source_timestamp_gap=100.160ms@1;max_action_jump=0.191416;max_state_jump=0.165653,review
record_dataset_new3,/root/autodl-tmp/data_new/rollout_data/record_dataset_new3,86,data/episode_000086.parquet,1312,1312,116432,117743,0.24806618690490723,493,13,0.21334928274154663,499,13,0.2665138840675354,507,13,99.670016,1,1,0.0,120.0,0.0,120.0,-0.0024012350477278233,0.0023064338602125645,0.0,1.003078579902649,"{""observation.images.hand_left"": 1312, ""observation.images.hand_right"": 1312, ""observation.images.top_head"": 1312}",{},max_state_jump=0.266514,source_timestamp_gap=99.670ms@1;max_action_jump=0.213349,exclude
record_dataset_new3,/root/autodl-tmp/data_new/rollout_data/record_dataset_new3,87,data/episode_000087.parquet,320,320,117744,118063,0.22478187084197998,48,12,0.21276706457138062,68,12,0.16888093948364258,50,12,98.07488,1,1,0.0,120.0,120.0,120.0,0.0,0.004355464596301317,0.9937275052070618,1.0058625936508179,"{""observation.images.hand_left"": 320, ""observation.images.hand_right"": 320, ""observation.images.top_head"": 320}",{},,source_timestamp_gap=98.075ms@1;max_action_jump=0.212767;max_state_jump=0.168881,review
record_dataset_new3,/root/autodl-tmp/data_new/rollout_data/record_dataset_new3,88,data/episode_000088.parquet,240,240,118064,118303,0.11634761095046997,47,12,0.05166667699813843,47,12,0.043886661529541016,49,12,101.315584,1,1,0.2173333317041397,120.0,120.0,120.0,0.0,0.0018111112294718623,0.9979713559150696,1.0,"{""observation.images.hand_left"": 240, ""observation.images.hand_right"": 240, ""observation.images.top_head"": 240}",{},,source_timestamp_gap=101.316ms@1,review
record_dataset_new3,/root/autodl-tmp/data_new/rollout_data/record_dataset_new3,89,data/episode_000089.parquet,394,394,118304,118697,0.22666645050048828,116,12,0.14741671085357666,109,12,0.17926383018493652,118,12,96.268032,1,1,0.0,120.0,120.0,120.0,-0.0017437356291338801,0.0018111112294718623,0.9973390102386475,1.0036990642547607,"{""observation.images.hand_left"": 394, ""observation.images.hand_right"": 394, ""observation.images.top_head"": 394}",{},,source_timestamp_gap=96.268ms@1;max_action_jump=0.147417;max_state_jump=0.179264,review
record_dataset_new3,/root/autodl-tmp/data_new/rollout_data/record_dataset_new3,90,data/episode_000090.parquet,332,332,118698,119029,0.21436423063278198,74,12,0.1482197642326355,80,12,0.1720220446586609,87,12,86.044416,1,1,0.0,120.0,120.0,120.0,-0.001368106808513403,0.0018111112294718623,0.9955182075500488,1.006835699081421,"{""observation.images.hand_left"": 332, ""observation.images.hand_right"": 332, ""observation.images.top_head"": 332}",{},,source_timestamp_gap=86.044ms@1;max_action_jump=0.148220;max_state_jump=0.172022,review
record_dataset_new3,/root/autodl-tmp/data_new/rollout_data/record_dataset_new3,91,data/episode_000091.parquet,332,332,119030,119361,0.20071834325790405,75,12,0.17407071590423584,40,12,0.15315866470336914,77,12,104.658432,1,1,0.0,120.0,120.0,120.0,-0.0008903750567696989,0.0018111112294718623,0.9966996908187866,1.0,"{""observation.images.hand_left"": 332, ""observation.images.hand_right"": 332, ""observation.images.top_head"": 332}",{},,source_timestamp_gap=104.658ms@1;max_action_jump=0.174071;max_state_jump=0.153159,review
record_dataset_new3,/root/autodl-tmp/data_new/rollout_data/record_dataset_new3,92,data/episode_000092.parquet,332,332,119362,119693,0.20525521039962769,75,12,0.18224740028381348,54,12,0.1926480531692505,61,12,98.996992,1,1,0.0,120.0,120.0,120.0,0.0,0.001910300925374031,0.9949440956115723,1.0,"{""observation.images.hand_left"": 332, ""observation.images.hand_right"": 332, ""observation.images.top_head"": 332}",{},,source_timestamp_gap=98.997ms@1;max_action_jump=0.182247;max_state_jump=0.192648,review
record_dataset_new3,/root/autodl-tmp/data_new/rollout_data/record_dataset_new3,93,data/episode_000093.parquet,365,365,119694,120058,0.2224959135055542,101,12,0.1664026975631714,107,12,0.18699419498443604,114,12,102.304,1,1,0.0,120.0,120.0,120.0,-0.003448370611295104,0.0018111112294718623,0.9953486323356628,1.003019094467163,"{""observation.images.hand_left"": 365, ""observation.images.hand_right"": 365, ""observation.images.top_head"": 365}",{},,source_timestamp_gap=102.304ms@1;max_action_jump=0.166403;max_state_jump=0.186994,review
record_dataset_new3,/root/autodl-tmp/data_new/rollout_data/record_dataset_new3,94,data/episode_000094.parquet,283,283,120059,120341,0.2212221622467041,74,12,0.180885910987854,67,12,0.1923338770866394,76,12,61.853696,1,1,0.0,120.0,119.64749908447266,120.0,0.0,0.0018111112294718623,0.9836297035217285,1.001373529434204,"{""observation.images.hand_left"": 283, ""observation.images.hand_right"": 283, ""observation.images.top_head"": 283}",{},,source_timestamp_gap=61.854ms@1;max_action_jump=0.180886;max_state_jump=0.192334,review
record_dataset_new3,/root/autodl-tmp/data_new/rollout_data/record_dataset_new3,95,data/episode_000095.parquet,233,233,120342,120574,0.12130343914031982,60,12,0.0516667366027832,60,12,0.043886780738830566,48,12,100.28928,1,1,0.2173333317041397,120.0,119.82379913330078,119.82379913330078,-0.0016195790376514196,0.0018111112294718623,0.9987106323242188,1.0,"{""observation.images.hand_left"": 233, ""observation.images.hand_right"": 233, ""observation.images.top_head"": 233}",{},,source_timestamp_gap=100.289ms@1,review
record_dataset_new3,/root/autodl-tmp/data_new/rollout_data/record_dataset_new3,96,data/episode_000096.parquet,1076,1076,120575,121650,0.22781813144683838,521,13,0.1535334587097168,415,11,0.22561103105545044,506,13,95.929344,1,1,0.0,120.0,0.0,119.82379913330078,-0.00559425912797451,0.0018111112294718623,-0.005922800395637751,1.008718729019165,"{""observation.images.hand_left"": 1076, ""observation.images.hand_right"": 1076, ""observation.images.top_head"": 1076}",{},,source_timestamp_gap=95.929ms@1;max_action_jump=0.153533;max_state_jump=0.225611,review
record_dataset_new3,/root/autodl-tmp/data_new/rollout_data/record_dataset_new3,97,data/episode_000097.parquet,379,379,121651,122029,0.22666651010513306,102,12,0.1594303846359253,68,12,0.18085181713104248,103,12,100.105984,1,1,0.0,120.0,120.0,120.0,-0.001318813650868833,0.0018111112294718623,0.9964244365692139,1.0081580877304077,"{""observation.images.hand_left"": 379, ""observation.images.hand_right"": 379, ""observation.images.top_head"": 379}",{},,source_timestamp_gap=100.106ms@1;max_action_jump=0.159430;max_state_jump=0.180852,review
record_dataset_new3,/root/autodl-tmp/data_new/rollout_data/record_dataset_new3,98,data/episode_000098.parquet,165,165,122030,122194,0.10983872413635254,21,12,0.10330721735954285,82,12,0.05039560794830322,84,12,100.919296,1,1,0.0,120.0,120.0,120.0,0.0,0.0018111112294718623,0.9952474236488342,1.0,"{""observation.images.hand_left"": 165, ""observation.images.hand_right"": 165, ""observation.images.top_head"": 165}",{},,source_timestamp_gap=100.919ms@1,review
record_dataset_new3,/root/autodl-tmp/data_new/rollout_data/record_dataset_new3,99,data/episode_000099.parquet,288,288,122195,122482,0.220902681350708,34,12,0.19845271110534668,40,12,0.18401026725769043,46,12,102.51648,1,1,0.0,120.0,120.0,120.0,0.0,0.0018111112294718623,0.9954896569252014,1.0,"{""observation.images.hand_left"": 288, ""observation.images.hand_right"": 288, ""observation.images.top_head"": 288}",{},,source_timestamp_gap=102.516ms@1;max_action_jump=0.198453;max_state_jump=0.184010,review
record_dataset_new3,/root/autodl-tmp/data_new/rollout_data/record_dataset_new3,100,data/episode_000100.parquet,128,128,122483,122610,0.11421877145767212,47,12,0.05166667699813843,47,12,0.04093766212463379,35,12,98.9888,1,1,0.2173333317041397,120.0,120.0,120.0,0.0,0.003369394224137068,0.9972870349884033,1.0037400722503662,"{""observation.images.hand_left"": 128, ""observation.images.hand_right"": 128, ""observation.images.top_head"": 128}",{},,source_timestamp_gap=98.989ms@1,review
record_dataset_new3,/root/autodl-tmp/data_new/rollout_data/record_dataset_new3,101,data/episode_000101.parquet,898,898,122611,123508,0.2189885377883911,475,13,0.16119122505187988,453,11,0.24238061904907227,460,13,76.51328,2,1,0.0,120.0,0.2173333317041397,119.82379913330078,-0.0011135947424918413,0.0018111112294718623,0.0,1.0074567794799805,"{""observation.images.hand_left"": 898, ""observation.images.hand_right"": 898, ""observation.images.top_head"": 898}",{},,source_timestamp_gap=76.513ms@2;max_action_jump=0.161191;max_state_jump=0.242381,review
record_dataset_new3,/root/autodl-tmp/data_new/rollout_data/record_dataset_new3,102,data/episode_000102.parquet,994,994,123509,124502,0.27648627758026123,563,13,0.2327498197555542,569,13,0.2818523645401001,576,13,94.315776,1,1,0.0,120.0,0.0,120.0,-0.003053191350772977,0.0018111112294718623,-0.00014901175745762885,1.0,"{""observation.images.hand_left"": 994, ""observation.images.hand_right"": 994, ""observation.images.top_head"": 994}",{},max_state_jump=0.281852,source_timestamp_gap=94.316ms@1;max_joint_delta=0.276486;max_action_jump=0.232750,exclude
record_dataset_new3,/root/autodl-tmp/data_new/rollout_data/record_dataset_new3,103,data/episode_000103.parquet,277,277,124503,124779,0.1990780234336853,74,12,0.166235089302063,40,12,0.164850115776062,114,12,81.112064,1,1,0.0,120.0,120.0,120.0,-0.0003231170994695276,0.0018111112294718623,0.9974514245986938,1.0060923099517822,"{""observation.images.hand_left"": 277, ""observation.images.hand_right"": 277, ""observation.images.top_head"": 277}",{},,source_timestamp_gap=81.112ms@1;max_action_jump=0.166235;max_state_jump=0.164850,review
record_dataset_new3,/root/autodl-tmp/data_new/rollout_data/record_dataset_new3,104,data/episode_000104.parquet,325,325,124780,125104,0.22666651010513306,102,12,0.12583112716674805,95,12,0.17106235027313232,103,12,96.54912,1,1,0.2173333317041397,120.0,120.0,120.0,0.0,0.002576115308329463,0.9961290955543518,1.0,"{""observation.images.hand_left"": 325, ""observation.images.hand_right"": 325, ""observation.images.top_head"": 325}",{},,source_timestamp_gap=96.549ms@1;max_action_jump=0.125831;max_state_jump=0.171062,review
record_dataset_new3,/root/autodl-tmp/data_new/rollout_data/record_dataset_new3,105,data/episode_000105.parquet,307,307,125105,125411,0.22556710243225098,33,12,0.2239004373550415,39,12,0.17867058515548706,87,12,102.870272,1,1,0.0,120.0,120.0,120.0,0.0,0.0037274397909641266,0.9971175789833069,1.0,"{""observation.images.hand_left"": 307, ""observation.images.hand_right"": 307, ""observation.images.top_head"": 307}",{},,source_timestamp_gap=102.870ms@1;max_action_jump=0.223900;max_state_jump=0.178671,review
record_dataset_new3,/root/autodl-tmp/data_new/rollout_data/record_dataset_new3,106,data/episode_000106.parquet,1380,1380,125412,126791,0.22666651010513306,560,13,0.20849061012268066,54,12,0.20728850364685059,615,13,98.705152,1,1,0.0,120.0,0.0,120.0,-0.0011089455801993608,0.0018111112294718623,0.0,1.003676414489746,"{""observation.images.hand_left"": 1380, ""observation.images.hand_right"": 1380, ""observation.images.top_head"": 1380}",{},,source_timestamp_gap=98.705ms@1;max_action_jump=0.208491;max_state_jump=0.207289,review
record_dataset_new3,/root/autodl-tmp/data_new/rollout_data/record_dataset_new3,107,data/episode_000107.parquet,1125,1125,126792,127916,0.22666651010513306,532,13,0.17705392837524414,483,11,0.21329140663146973,587,13,103.933184,1,1,0.0,120.0,0.0,120.0,-0.004763607867062092,0.0018111112294718623,-0.006904847454279661,1.0016698837280273,"{""observation.images.hand_left"": 1125, ""observation.images.hand_right"": 1125, ""observation.images.top_head"": 1125}",{},,source_timestamp_gap=103.933ms@1;max_action_jump=0.177054;max_state_jump=0.213291,review
record_dataset_new3,/root/autodl-tmp/data_new/rollout_data/record_dataset_new3,108,data/episode_000108.parquet,379,379,127917,128295,0.2162836790084839,75,12,0.16826963424682617,81,12,0.1798919439315796,88,12,73.597696,1,1,0.0,120.0,120.0,120.0,-0.0034869348164647818,0.0018111112294718623,0.9964886903762817,1.007964849472046,"{""observation.images.hand_left"": 379, ""observation.images.hand_right"": 379, ""observation.images.top_head"": 379}",{},,source_timestamp_gap=73.598ms@1;max_action_jump=0.168270;max_state_jump=0.179892,review
record_dataset_new3,/root/autodl-tmp/data_new/rollout_data/record_dataset_new3,109,data/episode_000109.parquet,427,427,128296,128722,0.20450490713119507,116,12,0.11687254905700684,122,11,0.13558638095855713,119,12,100.752896,1,1,0.0,120.0,120.0,120.0,-0.0018141288310289383,0.0018111112294718623,0.9949644207954407,1.002307415008545,"{""observation.images.hand_left"": 427, ""observation.images.hand_right"": 427, ""observation.images.top_head"": 427}",{},,source_timestamp_gap=100.753ms@1;max_state_jump=0.135586,review
record_dataset_new3,/root/autodl-tmp/data_new/rollout_data/record_dataset_new3,110,data/episode_000110.parquet,248,248,128723,128970,0.12318670749664307,33,12,0.06499993801116943,33,12,0.038721561431884766,49,12,74.52672,2,1,0.0,120.0,120.0,120.0,0.0,0.0018111112294718623,0.9955169558525085,1.0,"{""observation.images.hand_left"": 248, ""observation.images.hand_right"": 248, ""observation.images.top_head"": 248}",{},,source_timestamp_gap=74.527ms@2,review
record_dataset_new3,/root/autodl-tmp/data_new/rollout_data/record_dataset_new3,111,data/episode_000111.parquet,301,301,128971,129271,0.19792592525482178,61,12,0.19292593002319336,67,12,0.17179524898529053,76,12,104.789248,1,1,0.0,120.0,120.0,120.0,-0.002526703057810664,0.0018111112294718623,0.9983700513839722,1.0059032440185547,"{""observation.images.hand_left"": 301, ""observation.images.hand_right"": 301, ""observation.images.top_head"": 301}",{},,source_timestamp_gap=104.789ms@1;max_action_jump=0.192926;max_state_jump=0.171795,review
record_dataset_new3,/root/autodl-tmp/data_new/rollout_data/record_dataset_new3,112,data/episode_000112.parquet,354,354,129272,129625,0.21537518501281738,62,12,0.1584792137145996,68,12,0.13535964488983154,92,12,97.840896,1,1,0.2173333317041397,120.0,120.0,120.0,0.0,0.0025151397567242384,0.9958126544952393,1.0,"{""observation.images.hand_left"": 354, ""observation.images.hand_right"": 354, ""observation.images.top_head"": 354}",{},,source_timestamp_gap=97.841ms@1;max_action_jump=0.158479;max_state_jump=0.135360,review
record_dataset_new3,/root/autodl-tmp/data_new/rollout_data/record_dataset_new3,113,data/episode_000113.parquet,1001,1001,129626,130626,0.22666645050048828,754,12,0.1788926124572754,455,13,0.21802043914794922,517,13,102.935552,1,1,0.0,120.0,0.0,120.0,-0.002359988633543253,0.0018111112294718623,-0.003901843214407563,1.0040881633758545,"{""observation.images.hand_left"": 1001, ""observation.images.hand_right"": 1001, ""observation.images.top_head"": 1001}",{},,source_timestamp_gap=102.936ms@1;max_action_jump=0.178893;max_state_jump=0.218020,review
record_dataset_new3,/root/autodl-tmp/data_new/rollout_data/record_dataset_new3,114,data/episode_000114.parquet,320,320,130627,130946,0.19999980926513672,88,12,0.14593267440795898,81,12,0.1543102264404297,89,12,97.546752,1,1,0.2173333317041397,120.0,119.82379913330078,120.0,0.0,0.0025327529292553663,0.9915546178817749,1.0,"{""observation.images.hand_left"": 320, ""observation.images.hand_right"": 320, ""observation.images.top_head"": 320}",{},,source_timestamp_gap=97.547ms@1;max_action_jump=0.145933;max_state_jump=0.154310,review
record_dataset_new3,/root/autodl-tmp/data_new/rollout_data/record_dataset_new3,115,data/episode_000115.parquet,1083,1083,130947,132029,0.22385704517364502,619,13,0.18915748596191406,583,13,0.22119617462158203,592,13,94.426368,1,1,0.0,120.0,0.0,120.0,0.0,0.0018111112294718623,0.0,1.0024988651275635,"{""observation.images.hand_left"": 1083, ""observation.images.hand_right"": 1083, ""observation.images.top_head"": 1083}",{},,source_timestamp_gap=94.426ms@1;max_action_jump=0.189157;max_state_jump=0.221196,review
record_dataset_new3,/root/autodl-tmp/data_new/rollout_data/record_dataset_new3,116,data/episode_000116.parquet,1122,1122,132030,133151,0.21251451969146729,75,12,0.20102453231811523,541,11,0.2413160800933838,590,13,104.91392,1,1,0.0,120.0,0.0,120.0,-0.00139206787571311,0.0018111112294718623,0.0,1.0016707181930542,"{""observation.images.hand_left"": 1122, ""observation.images.hand_right"": 1122, ""observation.images.top_head"": 1122}",{},,source_timestamp_gap=104.914ms@1;max_action_jump=0.201025;max_state_jump=0.241316,review
record_dataset_new3,/root/autodl-tmp/data_new/rollout_data/record_dataset_new3,117,data/episode_000117.parquet,1134,1134,133152,134285,0.22961556911468506,501,13,0.21821486949920654,494,11,0.27743756771087646,503,13,99.290368,1,1,0.0,120.0,0.0,120.0,-0.0018488187342882156,0.0018111112294718623,0.0,1.0037620067596436,"{""observation.images.hand_left"": 1134, ""observation.images.hand_right"": 1134, ""observation.images.top_head"": 1134}",{},max_state_jump=0.277438,source_timestamp_gap=99.290ms@1;max_action_jump=0.218215,exclude
record_dataset_new3,/root/autodl-tmp/data_new/rollout_data/record_dataset_new3,118,data/episode_000118.parquet,1041,1041,134286,135326,0.22666656970977783,753,12,0.17114484310150146,39,12,0.21395444869995117,528,13,108.90112,1,1,0.0,120.0,0.0,120.0,-0.00021004697191528976,0.0018111112294718623,0.0,1.0,"{""observation.images.hand_left"": 1041, ""observation.images.hand_right"": 1041, ""observation.images.top_head"": 1041}",{},,source_timestamp_gap=108.901ms@1;max_action_jump=0.171145;max_state_jump=0.213954,review
record_dataset_new3,/root/autodl-tmp/data_new/rollout_data/record_dataset_new3,119,data/episode_000119.parquet,999,999,135327,136325,0.1972113847732544,505,13,0.180345356464386,512,13,0.21884042024612427,517,13,100.861952,1,1,0.0,120.0,0.0,120.0,-0.003235581796616316,0.0018111112294718623,0.0,1.003454566001892,"{""observation.images.hand_left"": 999, ""observation.images.hand_right"": 999, ""observation.images.top_head"": 999}",{},,source_timestamp_gap=100.862ms@1;max_action_jump=0.180345;max_state_jump=0.218840,review
record_dataset_new3,/root/autodl-tmp/data_new/rollout_data/record_dataset_new3,120,data/episode_000120.parquet,1030,1030,136326,137355,0.261008083820343,631,12,0.2235863208770752,637,12,0.18065989017486572,643,12,78.908416,2,1,0.0,120.0,0.0,120.0,0.0,0.0027247099205851555,0.0,1.0,"{""observation.images.hand_left"": 1030, ""observation.images.hand_right"": 1030, ""observation.images.top_head"": 1030}",{},,source_timestamp_gap=78.908ms@2;max_joint_delta=0.261008;max_action_jump=0.223586;max_state_jump=0.180660,review
record_dataset_new3,/root/autodl-tmp/data_new/rollout_data/record_dataset_new3,121,data/episode_000121.parquet,204,204,137356,137559,0.12067520618438721,48,12,0.05166667699813843,75,12,0.040658533573150635,76,12,96.512256,1,1,0.0,120.0,120.0,120.0,0.0,0.0018283147364854813,0.9945213198661804,1.004213809967041,"{""observation.images.hand_left"": 204, ""observation.images.hand_right"": 204, ""observation.images.top_head"": 204}",{},,source_timestamp_gap=96.512ms@1,review
record_dataset_new3,/root/autodl-tmp/data_new/rollout_data/record_dataset_new3,122,data/episode_000122.parquet,967,967,137560,138526,0.22666645050048828,505,13,0.16839194297790527,484,11,0.1969754695892334,533,13,108.98048,1,1,0.0,120.0,0.0,120.0,-0.002381803933531046,0.0018111112294718623,0.0,1.0001962184906006,"{""observation.images.hand_left"": 967, ""observation.images.hand_right"": 967, ""observation.images.top_head"": 967}",{},,source_timestamp_gap=108.980ms@1;max_action_jump=0.168392;max_state_jump=0.196975,review
record_dataset_new3,/root/autodl-tmp/data_new/rollout_data/record_dataset_new3,123,data/episode_000123.parquet,234,234,138527,138760,0.21504473686218262,47,12,0.17886149883270264,40,12,0.18376588821411133,50,12,105.50784,1,1,0.2173333317041397,120.0,120.0,120.0,-0.001017988775856793,0.0018111112294718623,0.9989666938781738,1.0114458799362183,"{""observation.images.hand_left"": 234, ""observation.images.hand_right"": 234, ""observation.images.top_head"": 234}",{},,source_timestamp_gap=105.508ms@1;max_action_jump=0.178861;max_state_jump=0.183766,review
record_dataset_new3,/root/autodl-tmp/data_new/rollout_data/record_dataset_new3,124,data/episode_000124.parquet,197,197,138761,138957,0.129888653755188,33,12,0.05166667699813843,47,12,0.04481172561645508,35,12,77.57696,2,1,0.0,120.0,120.0,120.0,-0.0004719500429928303,0.0018111112294718623,0.9963306188583374,1.0,"{""observation.images.hand_left"": 197, ""observation.images.hand_right"": 197, ""observation.images.top_head"": 197}",{},,source_timestamp_gap=77.577ms@2,review
record_dataset_new3,/root/autodl-tmp/data_new/rollout_data/record_dataset_new3,125,data/episode_000125.parquet,278,278,138958,139235,0.19999980926513672,88,12,0.1442798376083374,27,12,0.18341708183288574,62,12,98.97728,1,1,0.0,120.0,120.0,120.0,-0.002379956189543009,0.0017050938913598657,0.9962811470031738,1.0024380683898926,"{""observation.images.hand_left"": 278, ""observation.images.hand_right"": 278, ""observation.images.top_head"": 278}",{},,source_timestamp_gap=98.977ms@1;max_action_jump=0.144280;max_state_jump=0.183417,review
record_dataset_new3,/root/autodl-tmp/data_new/rollout_data/record_dataset_new3,126,data/episode_000126.parquet,279,279,139236,139514,0.20694780349731445,75,12,0.179426908493042,54,12,0.1466672420501709,60,12,98.00832,1,1,0.2173333317041397,120.0,120.0,120.0,0.0,0.0018111112294718623,0.9944109320640564,1.0,"{""observation.images.hand_left"": 279, ""observation.images.hand_right"": 279, ""observation.images.top_head"": 279}",{},,source_timestamp_gap=98.008ms@1;max_action_jump=0.179427;max_state_jump=0.146667,review
record_dataset_new3,/root/autodl-tmp/data_new/rollout_data/record_dataset_new3,127,data/episode_000127.parquet,280,280,139515,139794,0.22666656970977783,102,12,0.15810537338256836,41,12,0.17692553997039795,76,12,97.77792,1,1,0.0,120.0,120.0,120.0,-0.0023543857969343662,0.0018111112294718623,0.9940629601478577,1.001714825630188,"{""observation.images.hand_left"": 280, ""observation.images.hand_right"": 280, ""observation.images.top_head"": 280}",{},,source_timestamp_gap=97.778ms@1;max_action_jump=0.158105;max_state_jump=0.176926,review
record_dataset_new3,/root/autodl-tmp/data_new/rollout_data/record_dataset_new3,128,data/episode_000128.parquet,208,208,139795,140002,0.11200255155563354,48,12,0.05166667699813843,48,12,0.040117621421813965,36,12,98.102528,1,1,0.0,120.0,120.0,120.0,0.0,0.0033111008815467358,0.9996665120124817,1.0020192861557007,"{""observation.images.hand_left"": 208, ""observation.images.hand_right"": 208, ""observation.images.top_head"": 208}",{},,source_timestamp_gap=98.103ms@1,review
record_dataset_new3,/root/autodl-tmp/data_new/rollout_data/record_dataset_new3,129,data/episode_000129.parquet,1020,1020,140003,141022,0.22711724042892456,493,13,0.204004168510437,499,13,0.2542116641998291,507,13,97.985792,1,1,0.0,0.4346666634082794,0.0,120.0,-0.0002279283944517374,0.0018111112294718623,0.0,1.0,"{""observation.images.hand_left"": 1020, ""observation.images.hand_right"": 1020, ""observation.images.top_head"": 1020}",{},max_state_jump=0.254212,source_timestamp_gap=97.986ms@1;max_action_jump=0.204004,exclude
record_dataset_new3,/root/autodl-tmp/data_new/rollout_data/record_dataset_new3,130,data/episode_000130.parquet,774,774,141023,141796,0.22523021697998047,522,13,0.21273726224899292,486,13,0.19695818424224854,523,13,93.001728,1,1,0.0,120.0,0.0,120.0,-0.0011311185080558062,0.0018111112294718623,0.0,1.0033063888549805,"{""observation.images.hand_left"": 774, ""observation.images.hand_right"": 774, ""observation.images.top_head"": 774}",{},,source_timestamp_gap=93.002ms@1;max_action_jump=0.212737;max_state_jump=0.196958,review
record_dataset_new3,/root/autodl-tmp/data_new/rollout_data/record_dataset_new3,131,data/episode_000131.parquet,272,272,141797,142068,0.20628726482391357,101,12,0.10350418090820312,107,12,0.13443481922149658,116,12,106.318848,1,1,0.0,120.0,120.0,120.0,-0.001212121220305562,0.0018111112294718623,0.9975728392601013,1.0028873682022095,"{""observation.images.hand_left"": 272, ""observation.images.hand_right"": 272, ""observation.images.top_head"": 272}",{},,source_timestamp_gap=106.319ms@1;max_state_jump=0.134435,review
record_dataset_new3,/root/autodl-tmp/data_new/rollout_data/record_dataset_new3,132,data/episode_000132.parquet,948,948,142069,143016,0.20801252126693726,757,8,0.17137598991394043,39,12,0.232224702835083,464,13,109.26976,1,1,0.0,120.0,0.0,120.0,-0.00036990680382587016,0.0018111112294718623,-0.0040862602181732655,1.0,"{""observation.images.hand_left"": 948, ""observation.images.hand_right"": 948, ""observation.images.top_head"": 948}",{},,source_timestamp_gap=109.270ms@1;max_action_jump=0.171376;max_state_jump=0.232225,review
record_dataset_new3,/root/autodl-tmp/data_new/rollout_data/record_dataset_new3,133,data/episode_000133.parquet,1002,1002,143017,144018,0.22666656970977783,728,8,0.20812129974365234,426,11,0.22224318981170654,433,13,107.352832,1,2,0.0,120.0,0.0,120.0,-0.0024574424605816603,0.0018111112294718623,0.0,1.0029239654541016,"{""observation.images.hand_left"": 1002, ""observation.images.hand_right"": 1002, ""observation.images.top_head"": 1002}",{},,source_timestamp_gap=107.353ms@1;max_action_jump=0.208121;max_state_jump=0.222243,review
record_dataset_new3,/root/autodl-tmp/data_new/rollout_data/record_dataset_new3,134,data/episode_000134.parquet,261,261,144019,144279,0.2072969675064087,76,12,0.1418095827102661,95,11,0.13951271772384644,132,12,90.604288,1,1,0.0,120.0,119.82379913330078,120.0,-0.0012426389148458838,0.0018111112294718623,0.9922455549240112,1.0027235746383667,"{""observation.images.hand_left"": 261, ""observation.images.hand_right"": 261, ""observation.images.top_head"": 261}",{},,source_timestamp_gap=90.604ms@1;max_action_jump=0.141810;max_state_jump=0.139513,review
record_dataset_new3,/root/autodl-tmp/data_new/rollout_data/record_dataset_new3,135,data/episode_000135.parquet,1040,1040,144280,145319,0.23406517505645752,478,11,0.22842001914978027,484,11,0.2594466209411621,491,13,100.85632,1,1,0.0,120.0,0.0,119.82379913330078,-0.0012437714030966163,0.0018111112294718623,0.0,1.0023627281188965,"{""observation.images.hand_left"": 1040, ""observation.images.hand_right"": 1040, ""observation.images.top_head"": 1040}",{},max_state_jump=0.259447,source_timestamp_gap=100.856ms@1;max_action_jump=0.228420,exclude
record_dataset_new3,/root/autodl-tmp/data_new/rollout_data/record_dataset_new3,136,data/episode_000136.parquet,1043,1043,145320,146362,0.21153616905212402,351,13,0.1672276258468628,120,8,0.18479549884796143,601,13,106.150912,1,1,0.0,120.0,0.0,120.0,0.0,0.0018111112294718623,0.0,1.0039620399475098,"{""observation.images.hand_left"": 1043, ""observation.images.hand_right"": 1043, ""observation.images.top_head"": 1043}",{},,source_timestamp_gap=106.151ms@1;max_action_jump=0.167228;max_state_jump=0.184795,review
record_dataset_new3,/root/autodl-tmp/data_new/rollout_data/record_dataset_new3,137,data/episode_000137.parquet,278,278,146363,146640,0.20426833629608154,20,12,0.1294589638710022,134,12,0.1576608419418335,50,12,105.625344,1,1,0.0,120.0,120.0,120.0,-0.002410533372312784,0.0018111112294718623,0.9975849986076355,1.0409371852874756,"{""observation.images.hand_left"": 278, ""observation.images.hand_right"": 278, ""observation.images.top_head"": 278}",{},,source_timestamp_gap=105.625ms@1;max_action_jump=0.129459;max_state_jump=0.157661,review
record_dataset_new3,/root/autodl-tmp/data_new/rollout_data/record_dataset_new3,138,data/episode_000138.parquet,1391,1391,146641,148031,0.22659671306610107,616,11,0.2042691707611084,623,11,0.20299577713012695,627,13,95.463168,1,1,0.0,120.0,0.0,120.0,-0.001300336210988462,0.0018111112294718623,0.0,1.0069291591644287,"{""observation.images.hand_left"": 1391, ""observation.images.hand_right"": 1391, ""observation.images.top_head"": 1391}",{},,source_timestamp_gap=95.463ms@1;max_action_jump=0.204269;max_state_jump=0.202996,review
record_dataset_new3,/root/autodl-tmp/data_new/rollout_data/record_dataset_new3,139,data/episode_000139.parquet,373,373,148032,148404,0.201643168926239,88,12,0.1687212586402893,121,8,0.1559855341911316,128,8,61.395968,1,1,0.0,120.0,120.0,120.0,-0.0021613261196762323,0.003475073492154479,0.9955857396125793,1.004333734512329,"{""observation.images.hand_left"": 373, ""observation.images.hand_right"": 373, ""observation.images.top_head"": 373}",{},,source_timestamp_gap=61.396ms@1;max_action_jump=0.168721;max_state_jump=0.155986,review
record_dataset_new3,/root/autodl-tmp/data_new/rollout_data/record_dataset_new3,140,data/episode_000140.parquet,1338,1338,148405,149742,0.2556508779525757,576,13,0.18334662914276123,582,13,0.24450945854187012,588,13,100.206592,1,1,0.0,120.0,0.0,120.0,-0.001909615471959114,0.0018111112294718623,0.0,1.0059998035430908,"{""observation.images.hand_left"": 1338, ""observation.images.hand_right"": 1338, ""observation.images.top_head"": 1338}",{},,source_timestamp_gap=100.207ms@1;max_joint_delta=0.255651;max_action_jump=0.183347;max_state_jump=0.244509,review
record_dataset_new3,/root/autodl-tmp/data_new/rollout_data/record_dataset_new3,141,data/episode_000141.parquet,321,321,149743,150063,0.20619022846221924,35,12,0.20119023323059082,41,12,0.16675221920013428,51,12,95.970304,1,1,0.0,120.0,120.0,120.0,0.0,0.0018111112294718623,0.9949775338172913,1.002730131149292,"{""observation.images.hand_left"": 321, ""observation.images.hand_right"": 321, ""observation.images.top_head"": 321}",{},,source_timestamp_gap=95.970ms@1;max_action_jump=0.201190;max_state_jump=0.166752,review
record_dataset_new3,/root/autodl-tmp/data_new/rollout_data/record_dataset_new3,142,data/episode_000142.parquet,322,322,150064,150385,0.2060929536819458,48,12,0.14486908912658691,95,12,0.15909165143966675,105,12,93.66016,1,1,0.0,120.0,120.0,120.0,-0.003106775926426053,0.0018111112294718623,0.9957663416862488,1.000324010848999,"{""observation.images.hand_left"": 322, ""observation.images.hand_right"": 322, ""observation.images.top_head"": 322}",{},,source_timestamp_gap=93.660ms@1;max_action_jump=0.144869;max_state_jump=0.159092,review
record_dataset_new3,/root/autodl-tmp/data_new/rollout_data/record_dataset_new3,143,data/episode_000143.parquet,364,364,150386,150749,0.2316756248474121,33,12,0.2266756296157837,40,12,0.17088782787322998,49,12,110.145536,1,1,0.0,120.0,120.0,120.0,-0.0025795127730816603,0.0018111112294718623,0.9972518086433411,1.0001596212387085,"{""observation.images.hand_left"": 364, ""observation.images.hand_right"": 364, ""observation.images.top_head"": 364}",{},,source_timestamp_gap=110.146ms@1;max_action_jump=0.226676;max_state_jump=0.170888,review
record_dataset_new3,/root/autodl-tmp/data_new/rollout_data/record_dataset_new3,144,data/episode_000144.parquet,384,384,150750,151133,0.21213948726654053,34,12,0.2071394920349121,40,12,0.13534224033355713,77,12,105.260032,1,1,0.0,120.0,120.0,120.0,-0.00037246980355121195,0.0018111112294718623,0.9991517663002014,1.0038034915924072,"{""observation.images.hand_left"": 384, ""observation.images.hand_right"": 384, ""observation.images.top_head"": 384}",{},,source_timestamp_gap=105.260ms@1;max_action_jump=0.207139;max_state_jump=0.135342,review
record_dataset_new3,/root/autodl-tmp/data_new/rollout_data/record_dataset_new3,145,data/episode_000145.parquet,1325,1325,151134,152458,0.22666645050048828,533,13,0.2184615135192871,512,11,0.20919054746627808,516,13,100.510464,1,1,0.0,120.0,0.2173333317041397,120.0,-0.002490999875590205,0.0018111112294718623,0.0,1.0035992860794067,"{""observation.images.hand_left"": 1325, ""observation.images.hand_right"": 1325, ""observation.images.top_head"": 1325}",{},,source_timestamp_gap=100.510ms@1;max_action_jump=0.218462;max_state_jump=0.209191,review
record_dataset_new3,/root/autodl-tmp/data_new/rollout_data/record_dataset_new3,146,data/episode_000146.parquet,308,308,152459,152766,0.2052193284034729,115,8,0.17955994606018066,53,12,0.15858566761016846,64,12,102.51264,1,1,0.0,120.0,120.0,120.0,0.0,0.0018111112294718623,0.9960984587669373,1.004616379737854,"{""observation.images.hand_left"": 308, ""observation.images.hand_right"": 308, ""observation.images.top_head"": 308}",{},,source_timestamp_gap=102.513ms@1;max_action_jump=0.179560;max_state_jump=0.158586,review
record_dataset_new3,/root/autodl-tmp/data_new/rollout_data/record_dataset_new3,147,data/episode_000147.parquet,349,349,152767,153115,0.22666645050048828,48,12,0.1596142053604126,41,12,0.1922990083694458,50,12,96.609536,1,1,0.2173333317041397,120.0,120.0,120.0,0.0,0.0018111112294718623,0.9961121082305908,1.0,"{""observation.images.hand_left"": 349, ""observation.images.hand_right"": 349, ""observation.images.top_head"": 349}",{},,source_timestamp_gap=96.610ms@1;max_action_jump=0.159614;max_state_jump=0.192299,review
record_dataset_new3,/root/autodl-tmp/data_new/rollout_data/record_dataset_new3,148,data/episode_000148.parquet,1062,1062,153116,154177,0.23896872997283936,603,13,0.20629453659057617,876,12,0.23993754386901855,615,13,105.931264,1,1,0.0,120.0,0.0,120.0,-0.0007464297232218087,0.0018111112294718623,0.0,1.0036094188690186,"{""observation.images.hand_left"": 1062, ""observation.images.hand_right"": 1062, ""observation.images.top_head"": 1062}",{},,source_timestamp_gap=105.931ms@1;max_action_jump=0.206295;max_state_jump=0.239938,review
record_dataset_new3,/root/autodl-tmp/data_new/rollout_data/record_dataset_new3,149,data/episode_000149.parquet,360,360,154178,154537,0.2235778570175171,74,12,0.1895577311515808,107,8,0.18085187673568726,87,12,102.210304,1,1,0.0,120.0,119.82379913330078,119.82379913330078,0.0,0.0018111112294718623,0.9977505803108215,1.0,"{""observation.images.hand_left"": 360, ""observation.images.hand_right"": 360, ""observation.images.top_head"": 360}",{},,source_timestamp_gap=102.210ms@1;max_action_jump=0.189558;max_state_jump=0.180852,review
